{
  "gradient_descent": {
    "r2": 0.9616114813704806,
    "adjusted_r2": 0.9606596999168562
  },
  "normal_equation": {
    "r2": 0.9655962195090882,
    "adjusted_r2": 0.9647432332159251
  }
}